player1,player2,wins1,wins2,dateYear,dateMonth,dateDay
Skipper,GrandDaddyKirsch,1,0,2016,6,23
Walz,Scientific,1,0,2016,6,23
Kurt Cobain,47,0,1,2016,6,23
Luckk,Macintosh,0,1,2016,6,23
Water,SnooSnoo,0,1,2016,6,23
Storm,Pig,0,1,2016,6,23
Count,Nu,0,1,2016,6,23
Birdthulu,Jew2King,0,1,2016,6,23
Minty,Skipper,1,0,2016,6,23
FunkDoctor,Walz,1,0,2016,6,23
JKJ,47,1,0,2016,6,23
Lefty,Macintosh,1,0,2016,6,23
Animal,SnooSnoo,1,0,2016,6,23
Nerd,Pig,1,0,2016,6,23
Darktooth,Nu,1,0,2016,6,23
Coinchaser,Jew2King,1,0,2016,6,23
Minty,FunkDoctor,1,0,2016,6,23
JKJ,Lefty,1,0,2016,6,23
Animal,Nerd,1,0,2016,6,23
Darktooth,Coinchaser,1,0,2016,6,23
Minty,JKJ,0,1,2016,6,23
Animal,Darktooth,1,0,2016,6,23
JKJ,Animal,0,1,2016,6,23
Jew2King,GrandDaddyKirsch,1,0,2016,6,23
Nu,Scientific,1,0,2016,6,23
Pig,Kurt Cobain,1,0,2016,6,23
SnooSnoo,Luckk,1,0,2016,6,23
Macintosh,Water,1,0,2016,6,23
47,Storm,1,0,2016,6,23
Walz,Count,1,0,2016,6,23
Skipper,Birdthulu,1,0,2016,6,23
Jew2King,Nu,0,1,2016,6,23
Pig,SnooSnoo,0,1,2016,6,23
Macintosh,47,0,1,2016,6,23
Walz,Skipper,0,1,2016,6,23
Lefty,Nu,1,0,2016,6,23
FunkDoctor,SnooSnoo,0,1,2016,6,23
Coinchaser,47,0,1,2016,6,23
Nerd,Skipper,1,0,2016,6,23
Lefty,SnooSnoo,1,0,2016,6,23
47,Nerd,1,0,2016,6,23
Darktooth,Lefty,1,0,2016,6,23
Minty,47,1,0,2016,6,23
Darktooth,Minty,1,0,2016,6,23
JKJ,Darktooth,1,0,2016,6,23
Animal,JKJ,1,0,2016,6,23
Evan,Jaaj,1,0,2016,6,26
Ham,Angel,1,0,2016,6,26
Walz,Skittles,1,0,2016,6,26
SS jao,Scientific,1,0,2016,6,26
H!ggins,Lerty,1,0,2016,6,26
Volvulous,JTS,1,0,2016,6,26
Pig,Chief Spladle,1,0,2016,6,26
c4burger,JacD,0,1,2016,6,26
Gazpacho,Brad,1,0,2016,6,26
Tangerine,seranade,1,0,2016,6,26
Groovy,Pinnacle,1,0,2016,6,26
Kim $$$$,Pringles,1,0,2016,6,26
syko,Chipotle,1,0,2016,6,26
Animal,Evan,1,0,2016,6,26
Skipper,Dr lobster,0,1,2016,6,26
9000,Ham,1,0,2016,6,26
Lefty,Walz,1,0,2016,6,26
Subtle,SS jao,1,0,2016,6,26
47,H!ggins,0,1,2016,6,26
Kaeon,Volvulous,1,0,2016,6,26
Fruitcake,Pig,0,1,2016,6,26
Minty,JacD,1,0,2016,6,26
Nick Nasty,Swivel,0,1,2016,6,26
Coinchaser,Gazpacho,1,0,2016,6,26
Wild,Tangerine,1,0,2016,6,26
Beerman,Groovy,1,0,2016,6,26
BabyBird,K8a,1,0,2016,6,26
Codi,Kim $$$$,1,0,2016,6,26
just sexed,syko,0,1,2016,6,26
Animal,Dr lobster,1,0,2016,6,26
9000,Lefty,1,0,2016,6,26
Subtle,H!ggins,1,0,2016,6,26
Kaeon,Pig,1,0,2016,6,26
Minty,Swivel,1,0,2016,6,26
Coinchaser,Wild,1,0,2016,6,26
Beerman,BabyBird,1,0,2016,6,26
Codi,syko,1,0,2016,6,26
Animal,9000,1,0,2016,6,26
Subtle,Kaeon,1,0,2016,6,26
Minty,Coinchaser,1,0,2016,6,26
Beerman,Codi,1,0,2016,6,26
Animal,Subtle,1,0,2016,6,26
Minty,Beerman,0,1,2016,6,26
Animal,Beerman,0,1,2016,6,26
just sexed,Jaaj,1,0,2016,6,26
K8a,Angel,1,0,2016,6,26
Groovy,Skittles,1,0,2016,6,26
Tangerine,Scientific,1,0,2016,6,26
Gazpacho,Lerty,1,0,2016,6,26
Nick Nasty,JTS,1,0,2016,6,26
JacD,Chief Spladle,1,0,2016,6,26
Fruitcake,c4burger,1,0,2016,6,26
47,Brad,1,0,2016,6,26
SS jao,seranade,1,0,2016,6,26
Walz,Pinnacle,1,0,2016,6,26
Skipper,Pringles,1,0,2016,6,26
Evan,Chipotle,1,0,2016,6,26
Kim $$$$,just sexed,0,1,2016,6,26
K8a,Groovy,1,0,2016,6,26
Tangerine,Gazpacho,1,0,2016,6,26
Nick Nasty,JacD,1,0,2016,6,26
Volvulous,Fruitcake,1,0,2016,6,26
47,SS jao,0,1,2016,6,26
Ham,Walz,0,1,2016,6,26
Skipper,Evan,1,0,2016,6,26
Pig,just sexed,0,1,2016,6,26
H!ggins,K8a,0,1,2016,6,26
Lefty,Tangerine,1,0,2016,6,26
Dr lobster,Nick Nasty,1,0,2016,6,26
syko,Volvulous,1,0,2016,6,26
BabyBird,SS jao,1,0,2016,6,26
Wild,Walz,1,0,2016,6,26
Swivel,Skipper,0,1,2016,6,26
just sexed,K8a,1,0,2016,6,26
Lefty,Dr lobster,0,1,2016,6,26
syko,BabyBird,1,0,2016,6,26
Wild,Skipper,1,0,2016,6,26
Coinchaser,just sexed,1,0,2016,6,26
Codi,Dr lobster,1,0,2016,6,26
9000,syko,1,0,2016,6,26
Kaeon,Wild,1,0,2016,6,26
Coinchaser,Codi,0,1,2016,6,26
9000,Kaeon,0,1,2016,6,26
Subtle,Codi,1,0,2016,6,26
Minty,Kaeon,1,0,2016,6,26
Subtle,Minty,0,1,2016,6,26
Animal,Minty,0,1,2016,6,26
Beerman,Minty,0,1,2016,6,26
Minty,Beerman,1,0,2016,6,26
Paradox,Polar,0,1,2016,6,30
syko,xela,1,0,2016,6,30
47,Zeal,1,0,2016,6,30
LGBT | Che$$,Angel,1,0,2016,6,30
Mr. Anderson,Deviantdario,1,0,2016,6,30
Nerd,seranade,1,0,2016,6,30
robnu,Bess,1,0,2016,6,30
Darktooth,matt,1,0,2016,6,30
Device,Ecam,1,0,2016,6,30
Kurt Cobain,Evan,1,0,2016,6,30
Tek9,Scientific,1,0,2016,6,30
Kaeon,m88,1,0,2016,6,30
Tangerine,Ferret,1,0,2016,6,30
just sexed,viral,1,0,2016,6,30
zeus,FGW,1,0,2016,6,30
vari,Water,1,0,2016,6,30
Skipper,Suzay,1,0,2016,6,30
JediMasterKush,Wonder,1,0,2016,6,30
42nd,Gator,1,0,2016,6,30
Pig,Player 64,1,0,2016,6,30
FunkDoctor,DZ Rey,1,0,2016,6,30
Walz,Snoop,1,0,2016,6,30
Storm,Wild,1,0,2016,6,30
Fliinchy,busta,1,0,2016,6,30
EVL | Chompsky,Jaaj,1,0,2016,6,30
Coinchaser,hahn,1,0,2016,6,30
Uhaul,Impervi0us,1,0,2016,6,30
SnooSnoo,Fate,1,0,2016,6,30
K8a,the baddest,1,0,2016,6,30
Animal,Polar,1,0,2016,6,30
syko,47,0,1,2016,6,30
LGBT | Che$$,Mr. Anderson,1,0,2016,6,30
Nerd,robnu,1,0,2016,6,30
Darktooth,Device,1,0,2016,6,30
Kurt Cobain,Tek9,1,0,2016,6,30
Kaeon,Tangerine,1,0,2016,6,30
just sexed,zeus,1,0,2016,6,30
Minty,vari,1,0,2016,6,30
Skipper,JediMasterKush,1,0,2016,6,30
42nd,Pig,1,0,2016,6,30
FunkDoctor,Walz,1,0,2016,6,30
JKJ,Storm,1,0,2016,6,30
Fliinchy,EVL | Chompsky,0,1,2016,6,30
Coinchaser,Uhaul,1,0,2016,6,30
SnooSnoo,K8a,1,0,2016,6,30
Animal,47,1,0,2016,6,30
LGBT | Che$$,Nerd,1,0,2016,6,30
Darktooth,Kurt Cobain,1,0,2016,6,30
Kaeon,just sexed,1,0,2016,6,30
Minty,Skipper,1,0,2016,6,30
42nd,FunkDoctor,1,0,2016,6,30
JKJ,EVL | Chompsky,1,0,2016,6,30
Coinchaser,SnooSnoo,1,0,2016,6,30
Animal,LGBT | Che$$,1,0,2016,6,30
Darktooth,Kaeon,1,0,2016,6,30
Minty,42nd,1,0,2016,6,30
JKJ,Coinchaser,1,0,2016,6,30
Animal,Darktooth,1,0,2016,6,30
Minty,JKJ,1,0,2016,6,30
Animal,Minty,0,1,2016,6,30
xela,Zeal,0,1,2016,6,30
Angel,Deviantdario,1,0,2016,6,30
seranade,Bess,1,0,2016,6,30
matt,Ecam,1,0,2016,6,30
Evan,Scientific,0,1,2016,6,30
m88,Ferret,0,1,2016,6,30
viral,FGW,0,1,2016,6,30
Suzay,Wonder,0,1,2016,6,30
Gator,Player 64,0,1,2016,6,30
DZ Rey,Snoop,1,0,2016,6,30
busta,Jaaj,0,1,2016,6,30
hahn,Impervi0us,1,0,2016,6,30
Fate,the baddest,0,1,2016,6,30
K8a,Paradox,1,0,2016,6,30
Uhaul,Zeal,0,1,2016,6,30
Fliinchy,Angel,1,0,2016,6,30
Storm,seranade,1,0,2016,6,30
Walz,matt,1,0,2016,6,30
Pig,Scientific,1,0,2016,6,30
JediMasterKush,Ferret,0,1,2016,6,30
vari,FGW,1,0,2016,6,30
zeus,Water,1,0,2016,6,30
Tangerine,Wonder,1,0,2016,6,30
Tek9,Player 64,1,0,2016,6,30
Device,DZ Rey,1,0,2016,6,30
robnu,Wild,0,1,2016,6,30
Mr. Anderson,Jaaj,1,0,2016,6,30
syko,hahn,1,0,2016,6,30
Polar,the baddest,1,0,2016,6,30
K8a,Zeal,1,0,2016,6,30
Fliinchy,Storm,1,0,2016,6,30
Walz,Pig,0,1,2016,6,30
Ferret,vari,0,1,2016,6,30
zeus,Tangerine,1,0,2016,6,30
Tek9,Device,1,0,2016,6,30
Wild,Mr. Anderson,1,0,2016,6,30
syko,Polar,1,0,2016,6,30
just sexed,K8a,0,1,2016,6,30
Kurt Cobain,Fliinchy,1,0,2016,6,30
Nerd,Pig,1,0,2016,6,30
47,vari,1,0,2016,6,30
SnooSnoo,zeus,1,0,2016,6,30
EVL | Chompsky,Tek9,0,1,2016,6,30
FunkDoctor,Wild,1,0,2016,6,30
Skipper,syko,1,0,2016,6,30
K8a,Kurt Cobain,0,1,2016,6,30
Nerd,47,0,1,2016,6,30
SnooSnoo,Tek9,0,1,2016,6,30
FunkDoctor,Skipper,1,0,2016,6,30
42nd,Kurt Cobain,0,1,2016,6,30
Coinchaser,47,1,0,2016,6,30
LGBT | Che$$,Tek9,1,0,2016,6,30
Kaeon,FunkDoctor,1,0,2016,6,30
Kurt Cobain,Coinchaser,0,1,2016,6,30
LGBT | Che$$,Kaeon,0,1,2016,6,30
Darktooth,Coinchaser,1,0,2016,6,30
JKJ,Kaeon,1,0,2016,6,30
Darktooth,JKJ,0,1,2016,6,30
Animal,JKJ,1,0,2016,6,30
Minty,Animal,0,1,2016,6,30
Animal,Minty,1,0,2016,6,30
Tgrass,holywood,1,0,2016,7,3
Volvulous,Argo,1,0,2016,7,3
Device,Badman,1,0,2016,7,3
artist,Scientific,1,0,2016,7,3
TSE,Jan,1,0,2016,7,3
Water,holy,1,0,2016,7,3
Walz,Juice,1,0,2016,7,3
DJ Nintendo,Tgrass,1,0,2016,7,3
EVL | Chompsky,Bubbles,1,0,2016,7,3
ben grimm,oddomattx,1,0,2016,7,3
Kaeon,Daky,1,0,2016,7,3
Minty,Volvulous,1,0,2016,7,3
Pvt. O'Malley,Skipper,1,0,2016,7,3
Beerman,Device,0,1,2016,7,3
9000,royal flush,1,0,2016,7,3
Animal,artist,1,0,2016,7,3
Wild,Nu,0,1,2016,7,3
Subtle,TSE,1,0,2016,7,3
Knut,zeus,1,0,2016,7,3
iBDW,Water,1,0,2016,7,3
Dr lobster,TechmasterTech,1,0,2016,7,3
Codi,Walz,1,0,2016,7,3
Coinchaser,Shwa$,1,0,2016,7,3
DJ Nintendo,EVL | Chompsky,1,0,2016,7,3
ben grimm,Kaeon,0,1,2016,7,3
Minty,Pvt. O'Malley,1,0,2016,7,3
Device,9000,0,1,2016,7,3
Animal,Nu,1,0,2016,7,3
Subtle,Knut,1,0,2016,7,3
iBDW,Dr lobster,1,0,2016,7,3
Codi,Coinchaser,1,0,2016,7,3
DJ Nintendo,Kaeon,1,0,2016,7,3
Minty,9000,1,0,2016,7,3
Animal,Subtle,1,0,2016,7,3
iBDW,Codi,1,0,2016,7,3
DJ Nintendo,Minty,1,0,2016,7,3
Animal,iBDW,1,0,2016,7,3
DJ Nintendo,Animal,0,1,2016,7,3
Shwa$,holywood,1,0,2016,7,3
zeus,Argo,1,0,2016,7,3
Wild,Badman,1,0,2016,7,3
royal flush,Scientific,1,0,2016,7,3
Skipper,Jan,1,0,2016,7,3
Daky,holy,1,0,2016,7,3
Bubbles,Juice,1,0,2016,7,3
Walz,Shwa$,1,0,2016,7,3
TechmasterTech,Water,1,0,2016,7,3
TSE,zeus,1,0,2016,7,3
artist,Wild,0,1,2016,7,3
Beerman,royal flush,1,0,2016,7,3
Volvulous,Skipper,1,0,2016,7,3
oddomattx,Daky,0,1,2016,7,3
Tgrass,Bubbles,0,1,2016,7,3
Device,Walz,1,0,2016,7,3
Pvt. O'Malley,TechmasterTech,1,0,2016,7,3
ben grimm,TSE,1,0,2016,7,3
EVL | Chompsky,Wild,1,0,2016,7,3
Coinchaser,Beerman,1,0,2016,7,3
Dr lobster,Volvulous,1,0,2016,7,3
Knut,Daky,1,0,2016,7,3
Nu,Bubbles,1,0,2016,7,3
Device,Pvt. O'Malley,1,0,2016,7,3
ben grimm,EVL | Chompsky,1,0,2016,7,3
Coinchaser,Dr lobster,1,0,2016,7,3
Knut,Nu,1,0,2016,7,3
Subtle,Device,1,0,2016,7,3
Codi,ben grimm,1,0,2016,7,3
Kaeon,Coinchaser,1,0,2016,7,3
9000,Knut,1,0,2016,7,3
Subtle,Codi,0,1,2016,7,3
Kaeon,9000,1,0,2016,7,3
Minty,Codi,1,0,2016,7,3
iBDW,Kaeon,1,0,2016,7,3
Minty,iBDW,1,0,2016,7,3
DJ Nintendo,Minty,1,0,2016,7,3
Animal,DJ Nintendo,0,1,2016,7,3
DJ Nintendo,Animal,0,1,2016,7,3
impedence,Ferret,0,1,2016,7,7
Wild,danimals,1,0,2016,7,7
just sexed,Malt,1,0,2016,7,7
Coinchaser,Plant,1,0,2016,7,7
Uhaul,Ozzero,1,0,2016,7,7
Nerd,seranade,1,0,2016,7,7
Mr. Anderson,Lloyd44,1,0,2016,7,7
Codi,friend,1,0,2016,7,7
hahn,bananabandanna,1,0,2016,7,7
Dr lobster,Wonder,1,0,2016,7,7
Tyler Swift,jet,1,0,2016,7,7
Darktooth,Zeal,1,0,2016,7,7
SB,JacD,1,0,2016,7,7
SnooSnoo,cracken,1,0,2016,7,7
Tangerine,marp,1,0,2016,7,7
Player 64,vari,0,1,2016,7,7
47,Jan,1,0,2016,7,7
Fliinchy,dadzilla,1,0,2016,7,7
Kaeon,nelsy,1,0,2016,7,7
Bad Kenny,Impervi0us,0,1,2016,7,7
Lefty,busta,1,0,2016,7,7
Pig,marth guy,1,0,2016,7,7
Bess,Scientific,0,1,2016,7,7
Nu,Badman,1,0,2016,7,7
syko,goodie bag,1,0,2016,7,7
Soup,m88,1,0,2016,7,7
Ham,Polar,0,1,2016,7,7
FunkDoctor,Nonk,1,0,2016,7,7
H!ggins,SS jao,1,0,2016,7,7
Animal,Ferret,1,0,2016,7,7
Wild,just sexed,1,0,2016,7,7
Coinchaser,Uhaul,1,0,2016,7,7
Nerd,Mr. Anderson,1,0,2016,7,7
Codi,hahn,1,0,2016,7,7
Dr lobster,Tyler Swift,1,0,2016,7,7
Darktooth,SB,1,0,2016,7,7
SnooSnoo,Tangerine,1,0,2016,7,7
Minty,vari,1,0,2016,7,7
47,Fliinchy,1,0,2016,7,7
Kaeon,Impervi0us,1,0,2016,7,7
Lefty,Pig,1,0,2016,7,7
JKJ,Scientific,1,0,2016,7,7
Nu,syko,1,0,2016,7,7
Soup,Polar,1,0,2016,7,7
FunkDoctor,H!ggins,0,1,2016,7,7
Animal,Wild,1,0,2016,7,7
Coinchaser,Nerd,0,1,2016,7,7
Codi,Dr lobster,1,0,2016,7,7
Darktooth,SnooSnoo,1,0,2016,7,7
Minty,47,1,0,2016,7,7
Kaeon,Lefty,1,0,2016,7,7
JKJ,Nu,1,0,2016,7,7
Soup,H!ggins,1,0,2016,7,7
Animal,Nerd,1,0,2016,7,7
Codi,Darktooth,0,1,2016,7,7
Minty,Kaeon,0,1,2016,7,7
JKJ,Soup,1,0,2016,7,7
Animal,Darktooth,1,0,2016,7,7
Kaeon,JKJ,1,0,2016,7,7
Animal,Kaeon,1,0,2016,7,7
danimals,Malt,0,1,2016,7,7
Plant,Ozzero,1,0,2016,7,7
seranade,Lloyd44,1,0,2016,7,7
friend,bananabandanna,1,0,2016,7,7
Wonder,jet,1,0,2016,7,7
Zeal,JacD,1,0,2016,7,7
cracken,marp,1,0,2016,7,7
Jan,dadzilla,0,1,2016,7,7
nelsy,Bad Kenny,1,0,2016,7,7
busta,marth guy,1,0,2016,7,7
Badman,goodie bag,1,0,2016,7,7
m88,Ham,0,1,2016,7,7
Nonk,SS jao,0,1,2016,7,7
FunkDoctor,impedence,1,0,2016,7,7
Polar,Malt,0,1,2016,7,7
syko,Plant,1,0,2016,7,7
Scientific,seranade,1,0,2016,7,7
Pig,friend,1,0,2016,7,7
Impervi0us,Wonder,0,1,2016,7,7
Fliinchy,Zeal,1,0,2016,7,7
vari,cracken,1,0,2016,7,7
Tangerine,Player 64,1,0,2016,7,7
SB,dadzilla,1,0,2016,7,7
Tyler Swift,nelsy,1,0,2016,7,7
hahn,busta,0,1,2016,7,7
Mr. Anderson,Bess,1,0,2016,7,7
Uhaul,Badman,1,0,2016,7,7
just sexed,Ham,0,1,2016,7,7
Ferret,SS jao,0,1,2016,7,7
FunkDoctor,Malt,1,0,2016,7,7
syko,Scientific,1,0,2016,7,7
Pig,Wonder,1,0,2016,7,7
Fliinchy,vari,1,0,2016,7,7
Tangerine,SB,1,0,2016,7,7
Tyler Swift,busta,1,0,2016,7,7
Mr. Anderson,Uhaul,1,0,2016,7,7
Ham,SS jao,0,1,2016,7,7
SnooSnoo,FunkDoctor,1,0,2016,7,7
Dr lobster,syko,1,0,2016,7,7
Coinchaser,Pig,1,0,2016,7,7
Wild,Fliinchy,1,0,2016,7,7
H!ggins,Tangerine,1,0,2016,7,7
Nu,Tyler Swift,1,0,2016,7,7
Lefty,Mr. Anderson,1,0,2016,7,7
47,SS jao,1,0,2016,7,7
SnooSnoo,Dr lobster,0,1,2016,7,7
Coinchaser,Wild,0,1,2016,7,7
H!ggins,Nu,0,1,2016,7,7
Lefty,47,1,0,2016,7,7
Minty,Dr lobster,1,0,2016,7,7
Soup,Wild,1,0,2016,7,7
Nerd,Nu,1,0,2016,7,7
Codi,Lefty,1,0,2016,7,7
Minty,Soup,1,0,2016,7,7
Nerd,Codi,0,1,2016,7,7
Darktooth,Minty,1,0,2016,7,7
JKJ,Codi,0,1,2016,7,7
Darktooth,Codi,1,0,2016,7,7
Kaeon,Darktooth,0,1,2016,7,7
Animal,Darktooth,0,1,2016,7,7
Darktooth,Animal,0,1,2016,7,7
Animal,Skipper,1,0,2016,7,10
Coinchaser,9000,0,1,2016,7,10
Beerman,Wild,1,0,2016,7,10
Codi,R0cket_Wizard,1,0,2016,7,10
NYJoey,Kurt Cobain,1,0,2016,7,10
Kaeon,ROG,1,0,2016,7,10
Subtle,Bubbles,1,0,2016,7,10
Knut,Nerd,1,0,2016,7,10
Animal,9000,1,0,2016,7,10
Beerman,Codi,0,1,2016,7,10
NYJoey,Kaeon,1,0,2016,7,10
Subtle,Knut,1,0,2016,7,10
Animal,Codi,1,0,2016,7,10
NYJoey,Subtle,1,0,2016,7,10
Animal,NYJoey,1,0,2016,7,10
Skipper,Coinchaser,0,1,2016,7,10
Wild,R0cket_Wizard,1,0,2016,7,10
Kurt Cobain,ROG,0,1,2016,7,10
Bubbles,Nerd,0,1,2016,7,10
Knut,Coinchaser,1,0,2016,7,10
Kaeon,Wild,1,0,2016,7,10
Beerman,ROG,0,1,2016,7,10
9000,Nerd,0,1,2016,7,10
Knut,Kaeon,0,1,2016,7,10
ROG,Nerd,0,1,2016,7,10
Codi,Kaeon,1,0,2016,7,10
Subtle,Nerd,1,0,2016,7,10
Codi,Subtle,1,0,2016,7,10
NYJoey,Codi,0,1,2016,7,10
Animal,Codi,1,0,2016,7,10
Skipper,Polar,1,0,2016,7,17
SLURP | Venti,Kogs,1,0,2016,7,17
Kurt Cobain,Gator,1,0,2016,7,17
47,Scientific,1,0,2016,7,17
EVL | Chompsky,KitKat,1,0,2016,7,17
Volvulous,Walz,1,0,2016,7,17
Coinchaser,Mr. Ordinary,1,0,2016,7,17
Dr lobster,Luckk,1,0,2016,7,17
Bubbles,Uhaul,1,0,2016,7,17
Wild,Favid,1,0,2016,7,17
Minty,Skipper,1,0,2016,7,17
SLURP | Venti,Kurt Cobain,1,0,2016,7,17
SBT | Just Jason,47,1,0,2016,7,17
9000,EVL | Chompsky,1,0,2016,7,17
Subtle,Volvulous,1,0,2016,7,17
Coinchaser,Dr lobster,1,0,2016,7,17
Beerman,Bubbles,1,0,2016,7,17
Nerd,Wild,1,0,2016,7,17
Minty,SLURP | Venti,1,0,2016,7,17
SBT | Just Jason,9000,1,0,2016,7,17
Subtle,Coinchaser,1,0,2016,7,17
Beerman,Nerd,0,1,2016,7,17
Minty,SBT | Just Jason,1,0,2016,7,17
Subtle,Nerd,1,0,2016,7,17
Minty,Subtle,1,0,2016,7,17
Kogs,Gator,1,0,2016,7,17
Mr. Ordinary,Luckk,1,0,2016,7,17
Wild,Polar,1,0,2016,7,17
Bubbles,Kogs,1,0,2016,7,17
Dr lobster,Scientific,1,0,2016,7,17
Volvulous,KitKat,1,0,2016,7,17
EVL | Chompsky,Walz,1,0,2016,7,17
47,Mr. Ordinary,1,0,2016,7,17
Kurt Cobain,Uhaul,1,0,2016,7,17
Skipper,Favid,1,0,2016,7,17
Wild,Bubbles,1,0,2016,7,17
Dr lobster,Volvulous,1,0,2016,7,17
EVL | Chompsky,47,1,0,2016,7,17
Kurt Cobain,Skipper,1,0,2016,7,17
9000,Wild,0,1,2016,7,17
SLURP | Venti,Dr lobster,1,0,2016,7,17
Beerman,EVL | Chompsky,1,0,2016,7,17
Coinchaser,Kurt Cobain,1,0,2016,7,17
Wild,SLURP | Venti,0,1,2016,7,17
Beerman,Coinchaser,1,0,2016,7,17
Nerd,SLURP | Venti,0,1,2016,7,17
SBT | Just Jason,Beerman,1,0,2016,7,17
SLURP | Venti,SBT | Just Jason,0,1,2016,7,17
Subtle,SBT | Just Jason,0,1,2016,7,17
Minty,SBT | Just Jason,1,0,2016,7,17
Scientific,Plant,1,0,2016,7,21
Pig,Metro,1,0,2016,7,21
Macintosh,malfunction,1,0,2016,7,21
Infectionz,Skittles,1,0,2016,7,21
Bongo,phazon,1,0,2016,7,21
Wonder,friend,1,0,2016,7,21
Ham,Big Coyotes,1,0,2016,7,21
Uhaul,marth guy,1,0,2016,7,21
Kuba,Novennial,1,0,2016,7,21
busta,ABC | Eddie G,1,0,2016,7,21
Skipper,Nonk,1,0,2016,7,21
Ferret,SB,0,1,2016,7,21
core,Edgey Meowth,0,1,2016,7,21
vari,Cook,1,0,2016,7,21
Impervi0us,Brad,1,0,2016,7,21
Walz,RAM,1,0,2016,7,21
K$O,m88,1,0,2016,7,21
Volvulous,Argo,1,0,2016,7,21
Minty,Scientific,1,0,2016,7,21
Pig,Macintosh,0,1,2016,7,21
just sexed,Infectionz,1,0,2016,7,21
EVL | Chompsky,Bongo,1,0,2016,7,21
SBT | Just Jason,Wonder,1,0,2016,7,21
Nick Nasty,Ham,1,0,2016,7,21
Nerd,Uhaul,1,0,2016,7,21
syko,Kuba,1,0,2016,7,21
JKJ,busta,1,0,2016,7,21
Skipper,SB,1,0,2016,7,21
Wild,Edgey Meowth,1,0,2016,7,21
Iram,vari,1,0,2016,7,21
Darktooth,Impervi0us,1,0,2016,7,21
Fliinchy,Walz,1,0,2016,7,21
FunkDoctor,K$O,1,0,2016,7,21
K8a,Volvulous,1,0,2016,7,21
Minty,Macintosh,1,0,2016,7,21
just sexed,EVL | Chompsky,1,0,2016,7,21
SBT | Just Jason,Nick Nasty,1,0,2016,7,21
Nerd,syko,1,0,2016,7,21
JKJ,Skipper,1,0,2016,7,21
Wild,Iram,1,0,2016,7,21
Darktooth,Fliinchy,1,0,2016,7,21
FunkDoctor,K8a,1,0,2016,7,21
Minty,just sexed,1,0,2016,7,21
SBT | Just Jason,Nerd,1,0,2016,7,21
JKJ,Wild,0,1,2016,7,21
Darktooth,FunkDoctor,1,0,2016,7,21
Minty,SBT | Just Jason,1,0,2016,7,21
Wild,Darktooth,0,1,2016,7,21
Minty,Darktooth,0,1,2016,7,21
Metro,malfunction,1,0,2016,7,21
Nonk,Ferret,0,1,2016,7,21
Volvulous,Plant,1,0,2016,7,21
K$O,Metro,1,0,2016,7,21
Walz,Skittles,1,0,2016,7,21
Impervi0us,phazon,0,1,2016,7,21
vari,friend,1,0,2016,7,21
Edgey Meowth,Big Coyotes,1,0,2016,7,21
SB,marth guy,1,0,2016,7,21
busta,Novennial,1,0,2016,7,21
Kuba,ABC | Eddie G,1,0,2016,7,21
Uhaul,Ferret,1,0,2016,7,21
Ham,core,1,0,2016,7,21
Wonder,Cook,1,0,2016,7,21
Bongo,Brad,1,0,2016,7,21
Infectionz,RAM,1,0,2016,7,21
Pig,m88,1,0,2016,7,21
Scientific,Argo,1,0,2016,7,21
Volvulous,K$O,0,1,2016,7,21
Walz,phazon,1,0,2016,7,21
vari,Edgey Meowth,1,0,2016,7,21
SB,busta,0,1,2016,7,21
Kuba,Uhaul,1,0,2016,7,21
Ham,Wonder,1,0,2016,7,21
Bongo,Infectionz,1,0,2016,7,21
Pig,Scientific,1,0,2016,7,21
syko,K$O,1,0,2016,7,21
Nick Nasty,Walz,1,0,2016,7,21
EVL | Chompsky,vari,1,0,2016,7,21
Macintosh,busta,1,0,2016,7,21
K8a,Kuba,1,0,2016,7,21
Fliinchy,Ham,1,0,2016,7,21
Iram,Bongo,1,0,2016,7,21
Skipper,Pig,1,0,2016,7,21
syko,Nick Nasty,0,1,2016,7,21
EVL | Chompsky,Macintosh,0,1,2016,7,21
K8a,Fliinchy,0,1,2016,7,21
Iram,Skipper,1,0,2016,7,21
JKJ,Nick Nasty,1,0,2016,7,21
FunkDoctor,Macintosh,0,1,2016,7,21
just sexed,Fliinchy,0,1,2016,7,21
Nerd,Iram,0,1,2016,7,21
JKJ,Macintosh,1,0,2016,7,21
Fliinchy,Iram,1,0,2016,7,21
SBT | Just Jason,JKJ,1,0,2016,7,21
Wild,Fliinchy,1,0,2016,7,21
SBT | Just Jason,Wild,1,0,2016,7,21
Minty,SBT | Just Jason,1,0,2016,7,21
Darktooth,Minty,0,1,2016,7,21
Minty,Darktooth,1,0,2016,7,21
Edgey Meowth,Badman,1,0,2016,7,21
Tangerine,Skittles,1,0,2016,7,21
syko,Nonk,1,0,2016,7,21
Ham,Bess,1,0,2016,7,21
Ebb & Flow,Eloair,0,1,2016,7,21
Pig,Steady,1,0,2016,7,21
Argo,marth guy,1,0,2016,7,21
zeus,Malt,1,0,2016,7,21
Nick Nasty,danimals,1,0,2016,7,21
SB,Jan,1,0,2016,7,21
Ozai,malfunction,1,0,2016,7,21
Skipper,Lloyd44,1,0,2016,7,21
Animal,Edgey Meowth,1,0,2016,7,21
EVL | Chompsky,Mr. Anderson,0,1,2016,7,21
Kaeon,Tangerine,1,0,2016,7,21
47,syko,0,1,2016,7,21
Darktooth,Ham,1,0,2016,7,21
Kurt Cobain,Fliinchy,1,0,2016,7,21
Vino,Eloair,1,0,2016,7,21
SnooSnoo,Pig,1,0,2016,7,21
Captain Smuckers,Argo,1,0,2016,7,21
Macintosh,just sexed,0,1,2016,7,21
JKJ,zeus,1,0,2016,7,21
Wild,Nick Nasty,0,1,2016,7,21
Minty,SB,1,0,2016,7,21
Nu,Tek9,1,0,2016,7,21
Codi,Ozai,1,0,2016,7,21
FunkDoctor,Skipper,1,0,2016,7,21
Animal,Mr. Anderson,1,0,2016,7,21
Kaeon,syko,1,0,2016,7,21
Darktooth,Kurt Cobain,1,0,2016,7,21
Vino,SnooSnoo,1,0,2016,7,21
Captain Smuckers,just sexed,1,0,2016,7,21
JKJ,Nick Nasty,1,0,2016,7,21
Minty,Nu,1,0,2016,7,21
Codi,FunkDoctor,1,0,2016,7,21
Animal,Kaeon,1,0,2016,7,21
Darktooth,Vino,1,0,2016,7,21
Captain Smuckers,JKJ,1,0,2016,7,21
Minty,Codi,1,0,2016,7,21
Animal,Darktooth,1,0,2016,7,21
Captain Smuckers,Minty,1,0,2016,7,21
Animal,Captain Smuckers,0,1,2016,7,21
Skipper,Badman,1,0,2016,7,21
Tek9,Skittles,1,0,2016,7,21
SB,Nonk,1,0,2016,7,21
Wild,Bess,1,0,2016,7,21
Macintosh,Ebb & Flow,1,0,2016,7,21
Argo,Steady,1,0,2016,7,21
Pig,marth guy,1,0,2016,7,21
Fliinchy,Malt,1,0,2016,7,21
Ham,danimals,1,0,2016,7,21
47,Jan,1,0,2016,7,21
EVL | Chompsky,malfunction,1,0,2016,7,21
Edgey Meowth,Lloyd44,1,0,2016,7,21
Ozai,Skipper,0,1,2016,7,21
Tek9,SB,1,0,2016,7,21
zeus,Wild,0,1,2016,7,21
Macintosh,Argo,1,0,2016,7,21
Eloair,Pig,0,1,2016,7,21
Fliinchy,Ham,1,0,2016,7,21
Tangerine,47,0,1,2016,7,21
EVL | Chompsky,Edgey Meowth,1,0,2016,7,21
SnooSnoo,Skipper,0,1,2016,7,21
Kurt Cobain,Tek9,1,0,2016,7,21
syko,Wild,1,0,2016,7,21
Mr. Anderson,Macintosh,1,0,2016,7,21
FunkDoctor,Pig,1,0,2016,7,21
Nu,Fliinchy,1,0,2016,7,21
Nick Nasty,47,0,1,2016,7,21
just sexed,EVL | Chompsky,0,1,2016,7,21
Skipper,Kurt Cobain,0,1,2016,7,21
syko,Mr. Anderson,1,0,2016,7,21
FunkDoctor,Nu,1,0,2016,7,21
47,EVL | Chompsky,1,0,2016,7,21
JKJ,Kurt Cobain,0,1,2016,7,21
Codi,syko,1,0,2016,7,21
Kaeon,FunkDoctor,1,0,2016,7,21
Vino,47,0,1,2016,7,21
Kurt Cobain,Codi,0,1,2016,7,21
Kaeon,47,1,0,2016,7,21
Darktooth,Codi,0,1,2016,7,21
Minty,Kaeon,1,0,2016,7,21
Codi,Minty,1,0,2016,7,21
Animal,Codi,1,0,2016,7,21
Captain Smuckers,Animal,1,0,2016,7,21
Ham,Walz,0,1,2016,7,24
Bubbles,Skipper,1,0,2016,7,24
K8a,Scientific,1,0,2016,7,24
zeus,indego,1,0,2016,7,24
Animal,Walz,1,0,2016,7,24
Coinchaser,Mr. Anderson,1,0,2016,7,24
Soup,Bubbles,0,1,2016,7,24
Beerman,Nerd,1,0,2016,7,24
Minty,K8a,1,0,2016,7,24
9000,ROG,1,0,2016,7,24
NYJoey,zeus,1,0,2016,7,24
Kaeon,Kurt Cobain,1,0,2016,7,24
Animal,Coinchaser,1,0,2016,7,24
Bubbles,Beerman,0,1,2016,7,24
Minty,9000,1,0,2016,7,24
NYJoey,Kaeon,1,0,2016,7,24
Animal,Beerman,1,0,2016,7,24
Minty,NYJoey,1,0,2016,7,24
Animal,Minty,1,0,2016,7,24
Kurt Cobain,Ham,1,0,2016,7,24
ROG,Skipper,1,0,2016,7,24
Nerd,Scientific,1,0,2016,7,24
Mr. Anderson,indego,1,0,2016,7,24
zeus,Kurt Cobain,0,1,2016,7,24
K8a,ROG,0,1,2016,7,24
Soup,Nerd,0,1,2016,7,24
Walz,Mr. Anderson,1,0,2016,7,24
Bubbles,Kurt Cobain,1,0,2016,7,24
Coinchaser,ROG,1,0,2016,7,24
Kaeon,Nerd,1,0,2016,7,24
9000,Walz,1,0,2016,7,24
Bubbles,Coinchaser,0,1,2016,7,24
Kaeon,9000,1,0,2016,7,24
NYJoey,Coinchaser,1,0,2016,7,24
Beerman,Kaeon,1,0,2016,7,24
NYJoey,Beerman,1,0,2016,7,24
Minty,NYJoey,1,0,2016,7,24
Animal,Minty,1,0,2016,7,24
Jaaj,core,0,1,2016,7,28
Ozai,VeggieTalesDelux,1,0,2016,7,28
Pig,m88,1,0,2016,7,28
Polar,holywood,1,0,2016,7,28
SB,hg34,1,0,2016,7,28
perfect hell,Scientific,0,1,2016,7,28
FunkDoctor,B-Twist,1,0,2016,7,28
EVL | Chompsky,MannyMaurauder,1,0,2016,7,28
Novennial,Edgey Meowth,0,1,2016,7,28
Kurt Cobain,Vegas,1,0,2016,7,28
Mr. Anderson,Lloyd44,1,0,2016,7,28
vari,Sinister Kid,1,0,2016,7,28
SnooSnoo,Gator,1,0,2016,7,28
syko,Infectionz,1,0,2016,7,28
busta,KitKat,1,0,2016,7,28
Ham,phazon,1,0,2016,7,28
Tgrass,Plant,0,1,2016,7,28
Wild,Nonk,1,0,2016,7,28
Fliinchy,danimals,1,0,2016,7,28
Paradox,falchion,0,1,2016,7,28
Nerd,KITCATSKI,1,0,2016,7,28
Skipper,Skittles,1,0,2016,7,28
Animal,core,1,0,2016,7,28
Ozai,Pig,0,1,2016,7,28
Lefty,Polar,1,0,2016,7,28
SLURP | Venti,SB,1,0,2016,7,28
Kaeon,Scientific,1,0,2016,7,28
FunkDoctor,EVL | Chompsky,1,0,2016,7,28
SBT | Just Jason,Edgey Meowth,1,0,2016,7,28
Kurt Cobain,Mr. Anderson,0,1,2016,7,28
Minty,vari,1,0,2016,7,28
SnooSnoo,syko,1,0,2016,7,28
JKJ,busta,1,0,2016,7,28
Barbados,Ham,1,0,2016,7,28
Codi,Plant,1,0,2016,7,28
Wild,Fliinchy,0,1,2016,7,28
Darktooth,falchion,1,0,2016,7,28
Nerd,Skipper,1,0,2016,7,28
Animal,Pig,1,0,2016,7,28
Lefty,SLURP | Venti,1,0,2016,7,28
Kaeon,FunkDoctor,1,0,2016,7,28
SBT | Just Jason,Mr. Anderson,1,0,2016,7,28
Minty,SnooSnoo,1,0,2016,7,28
JKJ,Barbados,1,0,2016,7,28
Codi,Fliinchy,1,0,2016,7,28
Darktooth,Nerd,1,0,2016,7,28
Animal,Lefty,1,0,2016,7,28
Kaeon,SBT | Just Jason,0,1,2016,7,28
Minty,JKJ,1,0,2016,7,28
Codi,Darktooth,1,0,2016,7,28
Animal,SBT | Just Jason,0,1,2016,7,28
Minty,Codi,0,1,2016,7,28
SBT | Just Jason,Codi,1,0,2016,7,28
VeggieTalesDelux,m88,0,1,2016,7,28
B-Twist,MannyMaurauder,0,1,2016,7,28
Vegas,Lloyd44,1,0,2016,7,28
Gator,Infectionz,0,1,2016,7,28
Nonk,danimals,0,1,2016,7,28
KITCATSKI,Skittles,1,0,2016,7,28
Skipper,Jaaj,1,0,2016,7,28
falchion,m88,0,1,2016,7,28
Wild,holywood,1,0,2016,7,28
Plant,hg34,1,0,2016,7,28
Ham,perfect hell,0,1,2016,7,28
busta,MannyMaurauder,0,1,2016,7,28
syko,Novennial,1,0,2016,7,28
vari,Vegas,1,0,2016,7,28
Kurt Cobain,Sinister Kid,1,0,2016,7,28
Edgey Meowth,Infectionz,1,0,2016,7,28
EVL | Chompsky,KitKat,1,0,2016,7,28
Scientific,phazon,1,0,2016,7,28
SB,Tgrass,1,0,2016,7,28
Polar,danimals,1,0,2016,7,28
Ozai,Paradox,1,0,2016,7,28
core,KITCATSKI,1,0,2016,7,28
Skipper,m88,1,0,2016,7,28
Wild,Plant,1,0,2016,7,28
perfect hell,MannyMaurauder,1,0,2016,7,28
syko,vari,1,0,2016,7,28
Kurt Cobain,Edgey Meowth,1,0,2016,7,28
EVL | Chompsky,Scientific,1,0,2016,7,28
SB,Polar,0,1,2016,7,28
Ozai,core,1,0,2016,7,28
Mr. Anderson,Skipper,0,1,2016,7,28
FunkDoctor,Wild,0,1,2016,7,28
SLURP | Venti,perfect hell,1,0,2016,7,28
Pig,syko,0,1,2016,7,28
Nerd,Kurt Cobain,1,0,2016,7,28
Fliinchy,EVL | Chompsky,0,1,2016,7,28
Barbados,Polar,1,0,2016,7,28
SnooSnoo,Ozai,0,1,2016,7,28
Skipper,Wild,1,0,2016,7,28
SLURP | Venti,syko,1,0,2016,7,28
Nerd,EVL | Chompsky,0,1,2016,7,28
Barbados,Ozai,0,1,2016,7,28
JKJ,Skipper,1,0,2016,7,28
Darktooth,SLURP | Venti,1,0,2016,7,28
Lefty,EVL | Chompsky,1,0,2016,7,28
Kaeon,Ozai,1,0,2016,7,28
JKJ,Darktooth,1,0,2016,7,28
Lefty,Kaeon,0,1,2016,7,28
Animal,JKJ,1,0,2016,7,28
Minty,Kaeon,0,1,2016,7,28
Animal,Kaeon,1,0,2016,7,28
Codi,Animal,0,1,2016,7,28
SBT | Just Jason,Animal,0,1,2016,7,28
Animal,SBT | Just Jason,0,1,2016,7,28
Ozai,Tyler Swift,1,0,2016,7,31
JKJ,Toxicavenger,1,0,2016,7,31
9000,Tgrass,1,0,2016,7,31
Codi,ATK Fox,1,0,2016,7,31
Wild,Scientific,1,0,2016,7,31
Beerman,Bruck,1,0,2016,7,31
Nerd,Argo,1,0,2016,7,31
Minty,ShockJump,1,0,2016,7,31
Skipper,Ferret,1,0,2016,7,31
NYJoey,Paradox,1,0,2016,7,31
Coinchaser,Polar,1,0,2016,7,31
G$,Peak,1,0,2016,7,31
H!ggins,Ham,1,0,2016,7,31
Kaeon,Jaaj,1,0,2016,7,31
47,Storm,1,0,2016,7,31
Animal,Ozai,1,0,2016,7,31
JKJ,9000,1,0,2016,7,31
Codi,Wild,1,0,2016,7,31
Beerman,Nerd,1,0,2016,7,31
Minty,Skipper,1,0,2016,7,31
NYJoey,Coinchaser,1,0,2016,7,31
G$,H!ggins,1,0,2016,7,31
Kaeon,47,1,0,2016,7,31
Animal,JKJ,1,0,2016,7,31
Codi,Beerman,0,1,2016,7,31
Minty,NYJoey,1,0,2016,7,31
G$,Kaeon,1,0,2016,7,31
Animal,Beerman,0,1,2016,7,31
Minty,G$,1,0,2016,7,31
Beerman,Minty,0,1,2016,7,31
Toxicavenger,Tgrass,1,0,2016,7,31
ATK Fox,Scientific,1,0,2016,7,31
Bruck,Argo,0,1,2016,7,31
ShockJump,Ferret,0,1,2016,7,31
Paradox,Polar,0,1,2016,7,31
Peak,Ham,0,1,2016,7,31
Jaaj,Storm,0,1,2016,7,31
47,Tyler Swift,1,0,2016,7,31
H!ggins,Toxicavenger,1,0,2016,7,31
Coinchaser,ATK Fox,1,0,2016,7,31
Skipper,Argo,1,0,2016,7,31
Nerd,Ferret,1,0,2016,7,31
Wild,Polar,1,0,2016,7,31
9000,Ham,1,0,2016,7,31
Ozai,Storm,1,0,2016,7,31
47,H!ggins,0,1,2016,7,31
Coinchaser,Skipper,0,1,2016,7,31
Nerd,Wild,1,0,2016,7,31
9000,Ozai,0,1,2016,7,31
Codi,H!ggins,1,0,2016,7,31
JKJ,Skipper,1,0,2016,7,31
Kaeon,Nerd,1,0,2016,7,31
NYJoey,Ozai,1,0,2016,7,31
Codi,JKJ,1,0,2016,7,31
Kaeon,NYJoey,0,1,2016,7,31
G$,Codi,1,0,2016,7,31
Animal,NYJoey,0,1,2016,7,31
G$,NYJoey,1,0,2016,7,31
Beerman,G$,1,0,2016,7,31
Minty,Beerman,1,0,2016,7,31
MannyMaurauder,Wonder,0,1,2016,8,4
Paradox,Wind,1,0,2016,8,4
Jaaj,Verdict,1,0,2016,8,4
Bess,holywood,1,0,2016,8,4
Bruck,Queen,1,0,2016,8,4
JacD,Uhaul,0,1,2016,8,4
Animal,Wonder,1,0,2016,8,4
Mr. Anderson,JediMasterKush,0,1,2016,8,4
Coinchaser,KitKat,1,0,2016,8,4
SnooSnoo,Scientific,1,0,2016,8,4
Codi,Paradox,1,0,2016,8,4
Wild,Walz,0,1,2016,8,4
JKJ,Jaaj,1,0,2016,8,4
Ozai,Ferret,1,0,2016,8,4
Minty,Bess,1,0,2016,8,4
Skipper,K8a,1,0,2016,8,4
Lefty,nik,1,0,2016,8,4
FunkDoctor,vari,0,1,2016,8,4
Darktooth,Bruck,1,0,2016,8,4
syko,Fliinchy,0,1,2016,8,4
Kaeon,Uhaul,1,0,2016,8,4
47,SB,1,0,2016,8,4
Animal,JediMasterKush,1,0,2016,8,4
Coinchaser,SnooSnoo,1,0,2016,8,4
Codi,Walz,1,0,2016,8,4
JKJ,Ozai,1,0,2016,8,4
Minty,Skipper,1,0,2016,8,4
Lefty,vari,1,0,2016,8,4
Darktooth,Fliinchy,1,0,2016,8,4
Kaeon,47,1,0,2016,8,4
Animal,Coinchaser,1,0,2016,8,4
Codi,JKJ,1,0,2016,8,4
Minty,Lefty,1,0,2016,8,4
Darktooth,Kaeon,0,1,2016,8,4
Animal,Codi,1,0,2016,8,4
Minty,Kaeon,1,0,2016,8,4
Animal,Minty,1,0,2016,8,4
SB,MannyMaurauder,0,1,2016,8,4
FunkDoctor,Wind,1,0,2016,8,4
K8a,Verdict,1,0,2016,8,4
Ferret,holywood,1,0,2016,8,4
Scientific,Queen,1,0,2016,8,4
Mr. Anderson,JacD,1,0,2016,8,4
Uhaul,MannyMaurauder,1,0,2016,8,4
syko,Bruck,1,0,2016,8,4
nik,FunkDoctor,0,1,2016,8,4
Bess,K8a,0,1,2016,8,4
Jaaj,Ferret,0,1,2016,8,4
Wild,Paradox,1,0,2016,8,4
KitKat,Scientific,0,1,2016,8,4
Wonder,Mr. Anderson,0,1,2016,8,4
Ozai,Uhaul,0,1,2016,8,4
Walz,syko,1,0,2016,8,4
SnooSnoo,FunkDoctor,0,1,2016,8,4
JediMasterKush,K8a,0,1,2016,8,4
47,Ferret,1,0,2016,8,4
Fliinchy,Wild,0,1,2016,8,4
vari,Scientific,1,0,2016,8,4
Skipper,Mr. Anderson,0,1,2016,8,4
Uhaul,Walz,0,1,2016,8,4
FunkDoctor,K8a,1,0,2016,8,4
47,Wild,0,1,2016,8,4
vari,Mr. Anderson,0,1,2016,8,4
Lefty,Walz,0,1,2016,8,4
Darktooth,FunkDoctor,1,0,2016,8,4
Coinchaser,Wild,1,0,2016,8,4
JKJ,Mr. Anderson,1,0,2016,8,4
Walz,Darktooth,0,1,2016,8,4
Coinchaser,JKJ,0,1,2016,8,4
Codi,Darktooth,0,1,2016,8,4
Kaeon,JKJ,1,0,2016,8,4
Darktooth,Kaeon,1,0,2016,8,4
Minty,Darktooth,1,0,2016,8,4
Animal,Minty,1,0,2016,8,4
Mr. Anderson,Scientific,1,0,2016,8,7
Tek9,Malt,1,0,2016,8,7
Wild,Maid,1,0,2016,8,7
Ferret,KitKat,1,0,2016,8,7
SnooSnoo,Tome,1,0,2016,8,7
Uhaul,ATK Fox,0,1,2016,8,7
47,L_Pag,1,0,2016,8,7
Volvulous,cyborg,1,0,2016,8,7
Pig,Birdthulu,1,0,2016,8,7
Bubbles,seranade,1,0,2016,8,7
Minty,Mr. Anderson,1,0,2016,8,7
Tek9,Wild,1,0,2016,8,7
Kaeon,Ferret,1,0,2016,8,7
JKJ,SnooSnoo,1,0,2016,8,7
G$,ATK Fox,1,0,2016,8,7
47,Volvulous,1,0,2016,8,7
Subtle,Pig,1,0,2016,8,7
Nerd,Bubbles,1,0,2016,8,7
Minty,Tek9,1,0,2016,8,7
Kaeon,JKJ,1,0,2016,8,7
G$,47,1,0,2016,8,7
Subtle,Nerd,1,0,2016,8,7
Minty,Kaeon,1,0,2016,8,7
G$,Subtle,0,1,2016,8,7
Minty,Subtle,1,0,2016,8,7
Malt,Maid,1,0,2016,8,7
L_Pag,cyborg,1,0,2016,8,7
Bubbles,Scientific,1,0,2016,8,7
Pig,Malt,1,0,2016,8,7
Volvulous,KitKat,1,0,2016,8,7
ATK Fox,Tome,0,1,2016,8,7
SnooSnoo,Uhaul,0,1,2016,8,7
Ferret,L_Pag,0,1,2016,8,7
Wild,Birdthulu,1,0,2016,8,7
Mr. Anderson,seranade,1,0,2016,8,7
Bubbles,Pig,1,0,2016,8,7
Volvulous,Tome,1,0,2016,8,7
Uhaul,L_Pag,1,0,2016,8,7
Wild,Mr. Anderson,1,0,2016,8,7
JKJ,Bubbles,1,0,2016,8,7
Tek9,Volvulous,1,0,2016,8,7
Nerd,Uhaul,1,0,2016,8,7
47,Wild,0,1,2016,8,7
JKJ,Tek9,1,0,2016,8,7
Nerd,Wild,0,1,2016,8,7
G$,JKJ,1,0,2016,8,7
Kaeon,Wild,1,0,2016,8,7
G$,Kaeon,1,0,2016,8,7
Subtle,G$,0,1,2016,8,7
Minty,G$,1,0,2016,8,7
Hardcore Cheese 5,Tom,0,1,2016,8,11
Skittles,Argo,0,1,2016,8,11
Peak,weeb,1,0,2016,8,11
ABC | Eddie G,KPO,0,1,2016,8,11
Troy,Deku Lamp,1,0,2016,8,11
Paradox,KITCATSKI,1,0,2016,8,11
Kim,Dead,1,0,2016,8,11
Player 64,chron,0,1,2016,8,11
Animal,Tom,1,0,2016,8,11
Wonder,SB,0,1,2016,8,11
Skipper,Argo,0,1,2016,8,11
Walz,Evan,1,0,2016,8,11
Bubbaking,Peak,1,0,2016,8,11
vari,KitKat,1,0,2016,8,11
FunkDoctor,KPO,1,0,2016,8,11
Uhaul,artist,1,0,2016,8,11
Codi,Troy,1,0,2016,8,11
Ferret,BGT!,0,1,2016,8,11
Bubbles,Paradox,1,0,2016,8,11
Mr. Anderson,Jaaj,1,0,2016,8,11
Coinchaser,Kim,1,0,2016,8,11
Scientific,Tgrass,1,0,2016,8,11
Fliinchy,chron,1,0,2016,8,11
K8a,Impervi0us,1,0,2016,8,11
Animal,SB,1,0,2016,8,11
Argo,Walz,0,1,2016,8,11
Bubbaking,vari,1,0,2016,8,11
FunkDoctor,Uhaul,1,0,2016,8,11
Codi,BGT!,1,0,2016,8,11
Bubbles,Mr. Anderson,1,0,2016,8,11
Coinchaser,Scientific,1,0,2016,8,11
Fliinchy,K8a,0,1,2016,8,11
Animal,Walz,1,0,2016,8,11
Bubbaking,FunkDoctor,0,1,2016,8,11
Codi,Bubbles,1,0,2016,8,11
Coinchaser,K8a,1,0,2016,8,11
Animal,FunkDoctor,1,0,2016,8,11
Codi,Coinchaser,1,0,2016,8,11
Animal,Codi,1,0,2016,8,11
Impervi0us,Hardcore Cheese 5,1,0,2016,8,11
Tgrass,Skittles,1,0,2016,8,11
Jaaj,weeb,1,0,2016,8,11
Ferret,ABC | Eddie G,1,0,2016,8,11
artist,Deku Lamp,1,0,2016,8,11
KitKat,KITCATSKI,0,1,2016,8,11
Evan,Dead,1,0,2016,8,11
Wonder,Player 64,1,0,2016,8,11
chron,Impervi0us,1,0,2016,8,11
Kim,Tgrass,0,1,2016,8,11
Paradox,Jaaj,1,0,2016,8,11
Troy,Ferret,0,1,2016,8,11
KPO,artist,0,1,2016,8,11
Peak,KITCATSKI,0,1,2016,8,11
Skipper,Evan,1,0,2016,8,11
Tom,Wonder,0,1,2016,8,11
Uhaul,chron,1,0,2016,8,11
vari,Tgrass,1,0,2016,8,11
Argo,Paradox,0,1,2016,8,11
SB,Ferret,1,0,2016,8,11
Fliinchy,artist,1,0,2016,8,11
Scientific,KITCATSKI,1,0,2016,8,11
Mr. Anderson,Skipper,0,1,2016,8,11
BGT!,Wonder,1,0,2016,8,11
Uhaul,vari,1,0,2016,8,11
Paradox,SB,0,1,2016,8,11
Fliinchy,Scientific,1,0,2016,8,11
Skipper,BGT!,0,1,2016,8,11
Bubbles,Uhaul,1,0,2016,8,11
K8a,SB,1,0,2016,8,11
Walz,Fliinchy,0,1,2016,8,11
Bubbaking,BGT!,1,0,2016,8,11
Bubbles,K8a,1,0,2016,8,11
Fliinchy,Bubbaking,0,1,2016,8,11
FunkDoctor,Bubbles,1,0,2016,8,11
Coinchaser,Bubbaking,0,1,2016,8,11
FunkDoctor,Bubbaking,0,1,2016,8,11
Codi,Bubbaking,1,0,2016,8,11
Animal,Codi,1,0,2016,8,11
Walz,Scientific,1,0,2016,8,14
Nerd,Omar,1,0,2016,8,14
EVL | Chompsky,Jaaj,1,0,2016,8,14
K8a,Tgrass,1,0,2016,8,14
Pvt. O'Malley,Storm,1,0,2016,8,14
Face,KitKat,1,0,2016,8,14
Beerman,Walz,1,0,2016,8,14
Nerd,EVL | Chompsky,1,0,2016,8,14
Knut,K8a,1,0,2016,8,14
Pvt. O'Malley,Face,1,0,2016,8,14
Beerman,Nerd,1,0,2016,8,14
Knut,Pvt. O'Malley,0,1,2016,8,14
Beerman,Pvt. O'Malley,1,0,2016,8,14
Omar,Jaaj,0,1,2016,8,14
Storm,KitKat,1,0,2016,8,14
Face,Scientific,1,0,2016,8,14
K8a,Jaaj,1,0,2016,8,14
EVL | Chompsky,Tgrass,1,0,2016,8,14
Walz,Storm,1,0,2016,8,14
Face,K8a,1,0,2016,8,14
EVL | Chompsky,Walz,0,1,2016,8,14
Nerd,Face,0,1,2016,8,14
Knut,Walz,1,0,2016,8,14
Face,Knut,0,1,2016,8,14
Pvt. O'Malley,Knut,0,1,2016,8,14
Beerman,Knut,1,0,2016,8,14
KPO,Malt,0,1,2016,8,18
Ferret,hahn,1,0,2016,8,18
SB,Kurigoat,1,0,2016,8,18
Tgrass,Groovy,1,0,2016,8,18
Polar,Angel,1,0,2016,8,18
JTS,Juice,0,1,2016,8,18
Kuba,Ed9,1,0,2016,8,18
Argo,loon,1,0,2016,8,18
artist,danimals,1,0,2016,8,18
Kermit,Jaaj,0,1,2016,8,18
Uhaul,Favid,1,0,2016,8,18
Omar,c4burger,1,0,2016,8,18
Fla$h,iix him xii,1,0,2016,8,18
Jan,Troy,0,1,2016,8,18
core,Lloyd44,1,0,2016,8,18
Player 64,KitKat,1,0,2016,8,18
Impervi0us,Zeal,0,1,2016,8,18
Darktooth,Malt,1,0,2016,8,18
Ferret,SB,0,1,2016,8,18
Ozai,Tgrass,1,0,2016,8,18
SnooSnoo,Polar,1,0,2016,8,18
Lefty,Juice,1,0,2016,8,18
Skipper,Kuba,1,0,2016,8,18
Wild,Argo,1,0,2016,8,18
Shwa$,artist,1,0,2016,8,18
Kaeon,Jaaj,1,0,2016,8,18
Walz,Uhaul,1,0,2016,8,18
Nu,Omar,1,0,2016,8,18
Fliinchy,Fla$h,1,0,2016,8,18
JKJ,Troy,1,0,2016,8,18
Scientific,core,0,1,2016,8,18
Face,Player 64,1,0,2016,8,18
K8a,Zeal,1,0,2016,8,18
Darktooth,SB,1,0,2016,8,18
Ozai,SnooSnoo,0,1,2016,8,18
Lefty,Skipper,1,0,2016,8,18
Wild,Shwa$,0,1,2016,8,18
Kaeon,Walz,1,0,2016,8,18
Nu,Fliinchy,1,0,2016,8,18
JKJ,core,1,0,2016,8,18
Face,K8a,1,0,2016,8,18
Darktooth,SnooSnoo,1,0,2016,8,18
Lefty,Shwa$,1,0,2016,8,18
Kaeon,Nu,1,0,2016,8,18
JKJ,Face,1,0,2016,8,18
Darktooth,Lefty,0,1,2016,8,18
Kaeon,JKJ,0,1,2016,8,18
Lefty,JKJ,0,1,2016,8,18
hahn,Kurigoat,1,0,2016,8,18
Zeal,KPO,1,0,2016,8,18
Player 64,hahn,0,1,2016,8,18
Scientific,Groovy,1,0,2016,8,18
Troy,Angel,1,0,2016,8,18
Fla$h,JTS,1,0,2016,8,18
Omar,Ed9,1,0,2016,8,18
Uhaul,loon,1,0,2016,8,18
Jaaj,danimals,1,0,2016,8,18
artist,Kermit,1,0,2016,8,18
Argo,Favid,1,0,2016,8,18
Kuba,c4burger,1,0,2016,8,18
Juice,iix him xii,0,1,2016,8,18
Polar,Jan,1,0,2016,8,18
Tgrass,Lloyd44,0,1,2016,8,18
Ferret,KitKat,1,0,2016,8,18
Malt,Impervi0us,1,0,2016,8,18
Zeal,hahn,1,0,2016,8,18
Scientific,Troy,1,0,2016,8,18
Fla$h,Omar,1,0,2016,8,18
Uhaul,Jaaj,1,0,2016,8,18
artist,Argo,1,0,2016,8,18
Kuba,iix him xii,1,0,2016,8,18
Polar,Lloyd44,1,0,2016,8,18
Ferret,Malt,1,0,2016,8,18
Wild,Zeal,1,0,2016,8,18
Skipper,Scientific,1,0,2016,8,18
Ozai,Fla$h,1,0,2016,8,18
SB,Uhaul,0,1,2016,8,18
K8a,artist,1,0,2016,8,18
core,Kuba,0,1,2016,8,18
Fliinchy,Polar,0,1,2016,8,18
Walz,Ferret,1,0,2016,8,18
Wild,Skipper,0,1,2016,8,18
Ozai,Uhaul,0,1,2016,8,18
K8a,Kuba,1,0,2016,8,18
Polar,Walz,0,1,2016,8,18
Nu,Skipper,1,0,2016,8,18
Face,Uhaul,1,0,2016,8,18
SnooSnoo,K8a,1,0,2016,8,18
Shwa$,Walz,0,1,2016,8,18
Nu,Face,0,1,2016,8,18
SnooSnoo,Walz,0,1,2016,8,18
Darktooth,Face,1,0,2016,8,18
Kaeon,Walz,1,0,2016,8,18
Darktooth,Kaeon,1,0,2016,8,18
Lefty,Darktooth,0,1,2016,8,18
JKJ,Darktooth,0,1,2016,8,18
Darktooth,JKJ,1,0,2016,8,18
Able Unable,Fla$h,0,1,2016,8,21
Malt,Gator,1,0,2016,8,21
Paradox,TSE,0,1,2016,8,21
Angel,Jaaj,0,1,2016,8,21
Troy,Storm,0,1,2016,8,21
Scientific,Daky,0,1,2016,8,21
Codi,Fla$h,1,0,2016,8,21
EVL | Chompsky,Walz,1,0,2016,8,21
JKJ,Malt,1,0,2016,8,21
9000,TSE,0,1,2016,8,21
Subtle,Jaaj,1,0,2016,8,21
Face,K8a,1,0,2016,8,21
Beerman,Storm,1,0,2016,8,21
Coinchaser,Daky,1,0,2016,8,21
Codi,EVL | Chompsky,1,0,2016,8,21
JKJ,TSE,1,0,2016,8,21
Subtle,Face,1,0,2016,8,21
Beerman,Coinchaser,0,1,2016,8,21
Codi,JKJ,1,0,2016,8,21
Subtle,Coinchaser,1,0,2016,8,21
Codi,Subtle,1,0,2016,8,21
Daky,Able Unable,1,0,2016,8,21
K8a,Gator,1,0,2016,8,21
Jaaj,Paradox,0,1,2016,8,21
9000,Angel,1,0,2016,8,21
Walz,Troy,1,0,2016,8,21
Fla$h,Scientific,1,0,2016,8,21
Storm,Daky,1,0,2016,8,21
K8a,Paradox,1,0,2016,8,21
Malt,9000,0,1,2016,8,21
Walz,Fla$h,1,0,2016,8,21
TSE,Storm,1,0,2016,8,21
EVL | Chompsky,K8a,1,0,2016,8,21
Beerman,9000,1,0,2016,8,21
Face,Walz,1,0,2016,8,21
TSE,EVL | Chompsky,0,1,2016,8,21
Beerman,Face,1,0,2016,8,21
Coinchaser,EVL | Chompsky,1,0,2016,8,21
JKJ,Beerman,0,1,2016,8,21
Coinchaser,Beerman,1,0,2016,8,21
Subtle,Coinchaser,1,0,2016,8,21
Codi,Subtle,1,0,2016,8,21
Jorge,Troy,1,0,2016,8,25
syko,KPO,1,0,2016,8,25
TechmasterTech,Malt,0,1,2016,8,25
Ferret,Deku Lamp,1,0,2016,8,25
SB,Able Unable,1,0,2016,8,25
Wild,Dimach,1,0,2016,8,25
Kuba,Juice,1,0,2016,8,25
Uhaul,Gator,1,0,2016,8,25
Animal,Jorge,1,0,2016,8,25
Bubbles,syko,0,1,2016,8,25
FunkDoctor,Malt,1,0,2016,8,25
Face,Ferret,1,0,2016,8,25
Darktooth,SB,1,0,2016,8,25
Dr lobster,Wild,0,1,2016,8,25
Coinchaser,Kuba,1,0,2016,8,25
Kurt Cobain,Uhaul,1,0,2016,8,25
Animal,syko,1,0,2016,8,25
FunkDoctor,Face,1,0,2016,8,25
Darktooth,Wild,1,0,2016,8,25
Coinchaser,Kurt Cobain,0,1,2016,8,25
Animal,FunkDoctor,1,0,2016,8,25
Darktooth,Kurt Cobain,1,0,2016,8,25
Animal,Darktooth,1,0,2016,8,25
Uhaul,Troy,1,0,2016,8,25
Kuba,KPO,1,0,2016,8,25
Dr lobster,TechmasterTech,1,0,2016,8,25
SB,Deku Lamp,1,0,2016,8,25
Ferret,Able Unable,1,0,2016,8,25
Malt,Dimach,1,0,2016,8,25
Bubbles,Juice,1,0,2016,8,25
Jorge,Gator,1,0,2016,8,25
Uhaul,Kuba,1,0,2016,8,25
Dr lobster,SB,1,0,2016,8,25
Ferret,Malt,0,1,2016,8,25
Bubbles,Jorge,1,0,2016,8,25
Face,Uhaul,0,1,2016,8,25
syko,Dr lobster,0,1,2016,8,25
Coinchaser,Malt,1,0,2016,8,25
Wild,Bubbles,0,1,2016,8,25
Uhaul,Dr lobster,1,0,2016,8,25
Coinchaser,Bubbles,1,0,2016,8,25
Kurt Cobain,Uhaul,1,0,2016,8,25
FunkDoctor,Coinchaser,0,1,2016,8,25
Kurt Cobain,Coinchaser,1,0,2016,8,25
Darktooth,Kurt Cobain,1,0,2016,8,25
Animal,Darktooth,1,0,2016,8,25
Deku Lamp,Chill Tim,1,0,2016,8,28
Animal,Deku Lamp,1,0,2016,8,28
FunkDoctor,BabyBird,0,1,2016,8,28
Kaeon,Qwop,1,0,2016,8,28
Equal,Wild,1,0,2016,8,28
Codi,Gator,1,0,2016,8,28
Coinchaser,Walz,1,0,2016,8,28
Vortex,ATK Fox,1,0,2016,8,28
Nerd,Bubbles,1,0,2016,8,28
Animal,BabyBird,1,0,2016,8,28
Kaeon,Equal,1,0,2016,8,28
Codi,Coinchaser,0,1,2016,8,28
Vortex,Nerd,1,0,2016,8,28
Animal,Kaeon,1,0,2016,8,28
Coinchaser,Vortex,0,1,2016,8,28
Animal,Vortex,1,0,2016,8,28
Bubbles,Chill Tim,1,0,2016,8,28
ATK Fox,Bubbles,0,1,2016,8,28
Walz,Gator,1,0,2016,8,28
Wild,Qwop,1,0,2016,8,28
FunkDoctor,Deku Lamp,1,0,2016,8,28
Equal,Bubbles,1,0,2016,8,28
BabyBird,Walz,1,0,2016,8,28
Nerd,Wild,0,1,2016,8,28
Codi,FunkDoctor,1,0,2016,8,28
Equal,BabyBird,1,0,2016,8,28
Wild,Codi,0,1,2016,8,28
Coinchaser,Equal,0,1,2016,8,28
Kaeon,Codi,1,0,2016,8,28
Equal,Kaeon,0,1,2016,8,28
Vortex,Kaeon,0,1,2016,8,28
Animal,Kaeon,1,0,2016,8,28
